cik,date,value,component
846913,2001-01-01,1,adoption_domestic
901696,2001-01-01,1,adoption_domestic
846913,2002-01-01,1,adoption_domestic
901696,2002-01-01,1,adoption_domestic
75488,2003-01-01,1,adoption_domestic
846913,2003-01-01,1,adoption_domestic
1004980,2003-01-01,1,adoption_domestic
1137019,2003-01-01,1,adoption_domestic
846913,2004-01-01,1,adoption_domestic
1137019,2004-01-01,1,adoption_domestic
1138951,2004-01-01,1,adoption_domestic
828064,2005-01-01,1,adoption_domestic
846913,2005-01-01,1,adoption_domestic
882509,2005-01-01,1,adoption_domestic
910638,2005-01-01,1,adoption_domestic
1137019,2005-01-01,1,adoption_domestic
1138951,2005-01-01,1,adoption_domestic
846913,2006-01-01,1,adoption_domestic
910638,2006-01-01,1,adoption_domestic
1138951,2006-01-01,1,adoption_domestic
890640,2007-01-01,1,adoption_domestic
910638,2007-01-01,1,adoption_domestic
890640,2008-01-01,1,adoption_domestic
910638,2008-01-01,1,adoption_domestic
890640,2009-01-01,1,adoption_domestic
910638,2009-01-01,1,adoption_domestic
1304161,2009-01-01,1,adoption_domestic
910638,2010-01-01,1,adoption_domestic
1080924,2010-01-01,1,adoption_domestic
1304161,2010-01-01,1,adoption_domestic
1304161,2011-01-01,1,adoption_domestic
1456137,2011-01-01,1,adoption_domestic
1304161,2012-01-01,1,adoption_domestic
1456137,2012-01-01,1,adoption_domestic
769397,2013-01-01,1,adoption_domestic
1304161,2013-01-01,1,adoption_domestic
1347870,2013-01-01,1,adoption_domestic
1456137,2013-01-01,1,adoption_domestic
718877,2014-01-01,1,adoption_domestic
769397,2014-01-01,1,adoption_domestic
1301704,2014-01-01,1,adoption_domestic
1304161,2014-01-01,1,adoption_domestic
1346022,2014-01-01,1,adoption_domestic
1347870,2014-01-01,1,adoption_domestic
1569329,2014-01-01,1,adoption_domestic
718877,2015-01-01,1,adoption_domestic
769397,2015-01-01,1,adoption_domestic
1301704,2015-01-01,1,adoption_domestic
1304161,2015-01-01,1,adoption_domestic
1346022,2015-01-01,1,adoption_domestic
1449934,2015-01-01,1,adoption_domestic
1481792,2015-01-01,1,adoption_domestic
1569329,2015-01-01,1,adoption_domestic
769397,2016-01-01,1,adoption_domestic
1569329,2016-01-01,1,adoption_domestic
748268,2017-01-01,1,adoption_domestic
769397,2017-01-01,1,adoption_domestic
1568385,2017-01-01,1,adoption_domestic
1569329,2017-01-01,1,adoption_domestic
1569329,2018-01-01,1,adoption_domestic
1667313,2018-01-01,1,adoption_domestic
915779,2019-01-01,1,adoption_domestic
1122904,2019-01-01,1,adoption_domestic
1569329,2019-01-01,1,adoption_domestic
1615999,2019-01-01,1,adoption_domestic
1667313,2019-01-01,1,adoption_domestic
915779,2020-01-01,1,adoption_domestic
1122904,2020-01-01,1,adoption_domestic
1515139,2020-01-01,1,adoption_domestic
1615999,2020-01-01,1,adoption_domestic
1667313,2020-01-01,1,adoption_domestic
1766352,2020-01-01,1,adoption_domestic
915779,2021-01-01,1,adoption_domestic
1021096,2021-01-01,1,adoption_domestic
1074828,2021-01-01,1,adoption_domestic
1122904,2021-01-01,1,adoption_domestic
1162896,2021-01-01,1,adoption_domestic
1282224,2021-01-01,1,adoption_domestic
1326205,2021-01-01,1,adoption_domestic
1389067,2021-01-01,1,adoption_domestic
1419793,2021-01-01,1,adoption_domestic
1451448,2021-01-01,1,adoption_domestic
1510832,2021-01-01,1,adoption_domestic
1515139,2021-01-01,1,adoption_domestic
1569329,2021-01-01,1,adoption_domestic
1615999,2021-01-01,1,adoption_domestic
1667313,2021-01-01,1,adoption_domestic
1723517,2021-01-01,1,adoption_domestic
1766352,2021-01-01,1,adoption_domestic
1854445,2021-01-01,1,adoption_domestic
1961,2022-01-01,1,adoption_domestic
39911,2022-01-01,1,adoption_domestic
63276,2022-01-01,1,adoption_domestic
78239,2022-01-01,1,adoption_domestic
225211,2022-01-01,1,adoption_domestic
356590,2022-01-01,1,adoption_domestic
725394,2022-01-01,1,adoption_domestic
789019,2022-01-01,1,adoption_domestic
876883,2022-01-01,1,adoption_domestic
896878,2022-01-01,1,adoption_domestic
915779,2022-01-01,1,adoption_domestic
924095,2022-01-01,1,adoption_domestic
924396,2022-01-01,1,adoption_domestic
929351,2022-01-01,1,adoption_domestic
1021096,2022-01-01,1,adoption_domestic
1036848,2022-01-01,1,adoption_domestic
1037038,2022-01-01,1,adoption_domestic
1058307,2022-01-01,1,adoption_domestic
1074828,2022-01-01,1,adoption_domestic
1091907,2022-01-01,1,adoption_domestic
1101680,2022-01-01,1,adoption_domestic
1121142,2022-01-01,1,adoption_domestic
1122904,2022-01-01,1,adoption_domestic
1127475,2022-01-01,1,adoption_domestic
1133311,2022-01-01,1,adoption_domestic
1137789,2022-01-01,1,adoption_domestic
1138639,2022-01-01,1,adoption_domestic
1171838,2022-01-01,1,adoption_domestic
1173204,2022-01-01,1,adoption_domestic
1281984,2022-01-01,1,adoption_domestic
1282224,2022-01-01,1,adoption_domestic
1315098,2022-01-01,1,adoption_domestic
1318268,2022-01-01,1,adoption_domestic
1326205,2022-01-01,1,adoption_domestic
1326380,2022-01-01,1,adoption_domestic
1326801,2022-01-01,1,adoption_domestic
1355848,2022-01-01,1,adoption_domestic
1357671,2022-01-01,1,adoption_domestic
1358633,2022-01-01,1,adoption_domestic
1372183,2022-01-01,1,adoption_domestic
1376321,2022-01-01,1,adoption_domestic
1383088,2022-01-01,1,adoption_domestic
1393548,2022-01-01,1,adoption_domestic
1394056,2022-01-01,1,adoption_domestic
1411165,2022-01-01,1,adoption_domestic
1411579,2022-01-01,1,adoption_domestic
1419793,2022-01-01,1,adoption_domestic
1435064,2022-01-01,1,adoption_domestic
1439264,2022-01-01,1,adoption_domestic
1441082,2022-01-01,1,adoption_domestic
1454742,2022-01-01,1,adoption_domestic
1463972,2022-01-01,1,adoption_domestic
1464343,2022-01-01,1,adoption_domestic
1467373,2022-01-01,1,adoption_domestic
1467761,2022-01-01,1,adoption_domestic
1469038,2022-01-01,1,adoption_domestic
1485074,2022-01-01,1,adoption_domestic
1491487,2022-01-01,1,adoption_domestic
1495932,2022-01-01,1,adoption_domestic
1510832,2022-01-01,1,adoption_domestic
1515139,2022-01-01,1,adoption_domestic
1517228,2022-01-01,1,adoption_domestic
1528188,2022-01-01,1,adoption_domestic
1529113,2022-01-01,1,adoption_domestic
1530163,2022-01-01,1,adoption_domestic
1534154,2022-01-01,1,adoption_domestic
1535079,2022-01-01,1,adoption_domestic
1536089,2022-01-01,1,adoption_domestic
1553264,2022-01-01,1,adoption_domestic
1576885,2022-01-01,1,adoption_domestic
1597846,2022-01-01,1,adoption_domestic
1600641,2022-01-01,1,adoption_domestic
1605331,2022-01-01,1,adoption_domestic
1615999,2022-01-01,1,adoption_domestic
1621672,2022-01-01,1,adoption_domestic
1651992,2022-01-01,1,adoption_domestic
1667313,2022-01-01,1,adoption_domestic
1679788,2022-01-01,1,adoption_domestic
1703625,2022-01-01,1,adoption_domestic
1704711,2022-01-01,1,adoption_domestic
1706509,2022-01-01,1,adoption_domestic
1708341,2022-01-01,1,adoption_domestic
1717556,2022-01-01,1,adoption_domestic
1718939,2022-01-01,1,adoption_domestic
1722731,2022-01-01,1,adoption_domestic
1750106,2022-01-01,1,adoption_domestic
1755101,2022-01-01,1,adoption_domestic
1772757,2022-01-01,1,adoption_domestic
1803914,2022-01-01,1,adoption_domestic
1810806,2022-01-01,1,adoption_domestic
1811856,2022-01-01,1,adoption_domestic
1811999,2022-01-01,1,adoption_domestic
1813793,2022-01-01,1,adoption_domestic
1822877,2022-01-01,1,adoption_domestic
1823882,2022-01-01,1,adoption_domestic
1824403,2022-01-01,1,adoption_domestic
1830374,2022-01-01,1,adoption_domestic
1832161,2022-01-01,1,adoption_domestic
1840161,2022-01-01,1,adoption_domestic
1847355,2022-01-01,1,adoption_domestic
1853084,2022-01-01,1,adoption_domestic
1854445,2022-01-01,1,adoption_domestic
1864448,2022-01-01,1,adoption_domestic
1866547,2022-01-01,1,adoption_domestic
63276,2023-01-01,1,adoption_domestic
78239,2023-01-01,1,adoption_domestic
354190,2023-01-01,1,adoption_domestic
356590,2023-01-01,1,adoption_domestic
771999,2023-01-01,1,adoption_domestic
772263,2023-01-01,1,adoption_domestic
789570,2023-01-01,1,adoption_domestic
874866,2023-01-01,1,adoption_domestic
876883,2023-01-01,1,adoption_domestic
896493,2023-01-01,1,adoption_domestic
908259,2023-01-01,1,adoption_domestic
915779,2023-01-01,1,adoption_domestic
921582,2023-01-01,1,adoption_domestic
923601,2023-01-01,1,adoption_domestic
924095,2023-01-01,1,adoption_domestic
924396,2023-01-01,1,adoption_domestic
1031308,2023-01-01,1,adoption_domestic
1036848,2023-01-01,1,adoption_domestic
1037038,2023-01-01,1,adoption_domestic
1042776,2023-01-01,1,adoption_domestic
1043894,2023-01-01,1,adoption_domestic
1045810,2023-01-01,1,adoption_domestic
1058307,2023-01-01,1,adoption_domestic
1074828,2023-01-01,1,adoption_domestic
1075531,2023-01-01,1,adoption_domestic
1099590,2023-01-01,1,adoption_domestic
1119190,2023-01-01,1,adoption_domestic
1121142,2023-01-01,1,adoption_domestic
1122904,2023-01-01,1,adoption_domestic
1127475,2023-01-01,1,adoption_domestic
1133311,2023-01-01,1,adoption_domestic
1137789,2023-01-01,1,adoption_domestic
1171838,2023-01-01,1,adoption_domestic
1173204,2023-01-01,1,adoption_domestic
1281984,2023-01-01,1,adoption_domestic
1282224,2023-01-01,1,adoption_domestic
1315098,2023-01-01,1,adoption_domestic
1326205,2023-01-01,1,adoption_domestic
1326380,2023-01-01,1,adoption_domestic
1326801,2023-01-01,1,adoption_domestic
1338929,2023-01-01,1,adoption_domestic
1357671,2023-01-01,1,adoption_domestic
1375793,2023-01-01,1,adoption_domestic
1376321,2023-01-01,1,adoption_domestic
1383088,2023-01-01,1,adoption_domestic
1394056,2023-01-01,1,adoption_domestic
1400891,2023-01-01,1,adoption_domestic
1413754,2023-01-01,1,adoption_domestic
1417664,2023-01-01,1,adoption_domestic
1419793,2023-01-01,1,adoption_domestic
1437491,2023-01-01,1,adoption_domestic
1439264,2023-01-01,1,adoption_domestic
1443646,2023-01-01,1,adoption_domestic
1454742,2023-01-01,1,adoption_domestic
1463972,2023-01-01,1,adoption_domestic
1464343,2023-01-01,1,adoption_domestic
1467373,2023-01-01,1,adoption_domestic
1467761,2023-01-01,1,adoption_domestic
1469038,2023-01-01,1,adoption_domestic
1471781,2023-01-01,1,adoption_domestic
1483646,2023-01-01,1,adoption_domestic
1491487,2023-01-01,1,adoption_domestic
1495932,2023-01-01,1,adoption_domestic
1503658,2023-01-01,1,adoption_domestic
1510832,2023-01-01,1,adoption_domestic
1515139,2023-01-01,1,adoption_domestic
1517228,2023-01-01,1,adoption_domestic
1527702,2023-01-01,1,adoption_domestic
1528188,2023-01-01,1,adoption_domestic
1529113,2023-01-01,1,adoption_domestic
1530163,2023-01-01,1,adoption_domestic
1534154,2023-01-01,1,adoption_domestic
1535079,2023-01-01,1,adoption_domestic
1576885,2023-01-01,1,adoption_domestic
1589361,2023-01-01,1,adoption_domestic
1597846,2023-01-01,1,adoption_domestic
1600347,2023-01-01,1,adoption_domestic
1600641,2023-01-01,1,adoption_domestic
1605331,2023-01-01,1,adoption_domestic
1621672,2023-01-01,1,adoption_domestic
1642365,2023-01-01,1,adoption_domestic
1648960,2023-01-01,1,adoption_domestic
1651992,2023-01-01,1,adoption_domestic
1661779,2023-01-01,1,adoption_domestic
1662382,2023-01-01,1,adoption_domestic
1667313,2023-01-01,1,adoption_domestic
1677077,2023-01-01,1,adoption_domestic
1679788,2023-01-01,1,adoption_domestic
1696195,2023-01-01,1,adoption_domestic
1703625,2023-01-01,1,adoption_domestic
1704711,2023-01-01,1,adoption_domestic
1706509,2023-01-01,1,adoption_domestic
1708341,2023-01-01,1,adoption_domestic
1714367,2023-01-01,1,adoption_domestic
1718939,2023-01-01,1,adoption_domestic
1722731,2023-01-01,1,adoption_domestic
1723788,2023-01-01,1,adoption_domestic
1725210,2023-01-01,1,adoption_domestic
1729997,2023-01-01,1,adoption_domestic
1740797,2023-01-01,1,adoption_domestic
1750106,2023-01-01,1,adoption_domestic
1755101,2023-01-01,1,adoption_domestic
1788717,2023-01-01,1,adoption_domestic
1803696,2023-01-01,1,adoption_domestic
1803914,2023-01-01,1,adoption_domestic
1811856,2023-01-01,1,adoption_domestic
1811999,2023-01-01,1,adoption_domestic
1813744,2023-01-01,1,adoption_domestic
1820875,2023-01-01,1,adoption_domestic
1823882,2023-01-01,1,adoption_domestic
1824403,2023-01-01,1,adoption_domestic
1828016,2023-01-01,1,adoption_domestic
1831978,2023-01-01,1,adoption_domestic
1839132,2023-01-01,1,adoption_domestic
1839360,2023-01-01,1,adoption_domestic
1840161,2023-01-01,1,adoption_domestic
1843100,2023-01-01,1,adoption_domestic
1844452,2023-01-01,1,adoption_domestic
1847345,2023-01-01,1,adoption_domestic
1847355,2023-01-01,1,adoption_domestic
1853084,2023-01-01,1,adoption_domestic
1854445,2023-01-01,1,adoption_domestic
1858180,2023-01-01,1,adoption_domestic
1864448,2023-01-01,1,adoption_domestic
1866547,2023-01-01,1,adoption_domestic
1866550,2023-01-01,1,adoption_domestic
1866838,2023-01-01,1,adoption_domestic
1876945,2023-01-01,1,adoption_domestic
1881741,2023-01-01,1,adoption_domestic
1883685,2023-01-01,1,adoption_domestic
1886894,2023-01-01,1,adoption_domestic
1892492,2023-01-01,1,adoption_domestic
1895618,2023-01-01,1,adoption_domestic
1898496,2023-01-01,1,adoption_domestic
1911500,2023-01-01,1,adoption_domestic
1918694,2023-01-01,1,adoption_domestic
1920406,2023-01-01,1,adoption_domestic
1929231,2023-01-01,1,adoption_domestic
1975931,2023-01-01,1,adoption_domestic
63276,2024-01-01,1,adoption_domestic
78239,2024-01-01,1,adoption_domestic
354190,2024-01-01,1,adoption_domestic
356590,2024-01-01,1,adoption_domestic
771999,2024-01-01,1,adoption_domestic
788611,2024-01-01,1,adoption_domestic
789570,2024-01-01,1,adoption_domestic
874866,2024-01-01,1,adoption_domestic
876883,2024-01-01,1,adoption_domestic
894501,2024-01-01,1,adoption_domestic
896493,2024-01-01,1,adoption_domestic
908259,2024-01-01,1,adoption_domestic
915779,2024-01-01,1,adoption_domestic
924396,2024-01-01,1,adoption_domestic
1017480,2024-01-01,1,adoption_domestic
1036848,2024-01-01,1,adoption_domestic
1045810,2024-01-01,1,adoption_domestic
1119190,2024-01-01,1,adoption_domestic
1122904,2024-01-01,1,adoption_domestic
1133311,2024-01-01,1,adoption_domestic
1137789,2024-01-01,1,adoption_domestic
1171838,2024-01-01,1,adoption_domestic
1173204,2024-01-01,1,adoption_domestic
1282224,2024-01-01,1,adoption_domestic
1315098,2024-01-01,1,adoption_domestic
1326205,2024-01-01,1,adoption_domestic
1326380,2024-01-01,1,adoption_domestic
1326801,2024-01-01,1,adoption_domestic
1338929,2024-01-01,1,adoption_domestic
1376321,2024-01-01,1,adoption_domestic
1383088,2024-01-01,1,adoption_domestic
1388295,2024-01-01,1,adoption_domestic
1400891,2024-01-01,1,adoption_domestic
1417664,2024-01-01,1,adoption_domestic
1419793,2024-01-01,1,adoption_domestic
1437491,2024-01-01,1,adoption_domestic
1439264,2024-01-01,1,adoption_domestic
1443646,2024-01-01,1,adoption_domestic
1454742,2024-01-01,1,adoption_domestic
1464343,2024-01-01,1,adoption_domestic
1467373,2024-01-01,1,adoption_domestic
1471781,2024-01-01,1,adoption_domestic
1483646,2024-01-01,1,adoption_domestic
1495932,2024-01-01,1,adoption_domestic
1503658,2024-01-01,1,adoption_domestic
1515139,2024-01-01,1,adoption_domestic
1517228,2024-01-01,1,adoption_domestic
1527702,2024-01-01,1,adoption_domestic
1529113,2024-01-01,1,adoption_domestic
1535079,2024-01-01,1,adoption_domestic
1536089,2024-01-01,1,adoption_domestic
1566243,2024-01-01,1,adoption_domestic
1597846,2024-01-01,1,adoption_domestic
1600347,2024-01-01,1,adoption_domestic
1600641,2024-01-01,1,adoption_domestic
1605331,2024-01-01,1,adoption_domestic
1621672,2024-01-01,1,adoption_domestic
1641398,2024-01-01,1,adoption_domestic
1648960,2024-01-01,1,adoption_domestic
1651992,2024-01-01,1,adoption_domestic
1661779,2024-01-01,1,adoption_domestic
1679788,2024-01-01,1,adoption_domestic
1700849,2024-01-01,1,adoption_domestic
1703625,2024-01-01,1,adoption_domestic
1704711,2024-01-01,1,adoption_domestic
1706509,2024-01-01,1,adoption_domestic
1708341,2024-01-01,1,adoption_domestic
1718939,2024-01-01,1,adoption_domestic
1722731,2024-01-01,1,adoption_domestic
1723788,2024-01-01,1,adoption_domestic
1725210,2024-01-01,1,adoption_domestic
1737193,2024-01-01,1,adoption_domestic
1740797,2024-01-01,1,adoption_domestic
1750106,2024-01-01,1,adoption_domestic
1755101,2024-01-01,1,adoption_domestic
1803696,2024-01-01,1,adoption_domestic
1803914,2024-01-01,1,adoption_domestic
1805521,2024-01-01,1,adoption_domestic
1811999,2024-01-01,1,adoption_domestic
1813744,2024-01-01,1,adoption_domestic
1820875,2024-01-01,1,adoption_domestic
1823144,2024-01-01,1,adoption_domestic
1831978,2024-01-01,1,adoption_domestic
1844452,2024-01-01,1,adoption_domestic
1847355,2024-01-01,1,adoption_domestic
1848672,2024-01-01,1,adoption_domestic
1856995,2024-01-01,1,adoption_domestic
1864032,2024-01-01,1,adoption_domestic
1866547,2024-01-01,1,adoption_domestic
1866838,2024-01-01,1,adoption_domestic
1873722,2024-01-01,1,adoption_domestic
1883685,2024-01-01,1,adoption_domestic
1884046,2024-01-01,1,adoption_domestic
1886894,2024-01-01,1,adoption_domestic
1892492,2024-01-01,1,adoption_domestic
1895618,2024-01-01,1,adoption_domestic
1897245,2024-01-01,1,adoption_domestic
1911545,2024-01-01,1,adoption_domestic
1918694,2024-01-01,1,adoption_domestic
1920406,2024-01-01,1,adoption_domestic
1929231,2024-01-01,1,adoption_domestic
1937987,2024-01-01,1,adoption_domestic
1981792,2024-01-01,1,adoption_domestic
56679,2025-01-01,1,adoption_domestic
63276,2025-01-01,1,adoption_domestic
771999,2025-01-01,1,adoption_domestic
774415,2025-01-01,1,adoption_domestic
789570,2025-01-01,1,adoption_domestic
874866,2025-01-01,1,adoption_domestic
876883,2025-01-01,1,adoption_domestic
894501,2025-01-01,1,adoption_domestic
896493,2025-01-01,1,adoption_domestic
908259,2025-01-01,1,adoption_domestic
915779,2025-01-01,1,adoption_domestic
1119190,2025-01-01,1,adoption_domestic
1133311,2025-01-01,1,adoption_domestic
1169138,2025-01-01,1,adoption_domestic
1173204,2025-01-01,1,adoption_domestic
1282224,2025-01-01,1,adoption_domestic
1315098,2025-01-01,1,adoption_domestic
1326205,2025-01-01,1,adoption_domestic
1326380,2025-01-01,1,adoption_domestic
1326801,2025-01-01,1,adoption_domestic
1338929,2025-01-01,1,adoption_domestic
1376321,2025-01-01,1,adoption_domestic
1400891,2025-01-01,1,adoption_domestic
1419793,2025-01-01,1,adoption_domestic
1439264,2025-01-01,1,adoption_domestic
1464343,2025-01-01,1,adoption_domestic
1471781,2025-01-01,1,adoption_domestic
1477960,2025-01-01,1,adoption_domestic
1495932,2025-01-01,1,adoption_domestic
1499275,2025-01-01,1,adoption_domestic
1503658,2025-01-01,1,adoption_domestic
1515139,2025-01-01,1,adoption_domestic
1517228,2025-01-01,1,adoption_domestic
1527613,2025-01-01,1,adoption_domestic
1527702,2025-01-01,1,adoption_domestic
1529113,2025-01-01,1,adoption_domestic
1597846,2025-01-01,1,adoption_domestic
1600347,2025-01-01,1,adoption_domestic
1621672,2025-01-01,1,adoption_domestic
1641398,2025-01-01,1,adoption_domestic
1648960,2025-01-01,1,adoption_domestic
1651992,2025-01-01,1,adoption_domestic
1661779,2025-01-01,1,adoption_domestic
1679788,2025-01-01,1,adoption_domestic
1682149,2025-01-01,1,adoption_domestic
1704711,2025-01-01,1,adoption_domestic
1706509,2025-01-01,1,adoption_domestic
1708341,2025-01-01,1,adoption_domestic
1710495,2025-01-01,1,adoption_domestic
1713445,2025-01-01,1,adoption_domestic
1723788,2025-01-01,1,adoption_domestic
1725210,2025-01-01,1,adoption_domestic
1737193,2025-01-01,1,adoption_domestic
1750106,2025-01-01,1,adoption_domestic
1803696,2025-01-01,1,adoption_domestic
1803914,2025-01-01,1,adoption_domestic
1805521,2025-01-01,1,adoption_domestic
1811999,2025-01-01,1,adoption_domestic
1820875,2025-01-01,1,adoption_domestic
1821534,2025-01-01,1,adoption_domestic
1829953,2025-01-01,1,adoption_domestic
1847355,2025-01-01,1,adoption_domestic
1848672,2025-01-01,1,adoption_domestic
1851961,2025-01-01,1,adoption_domestic
1857086,2025-01-01,1,adoption_domestic
1860543,2025-01-01,1,adoption_domestic
1866838,2025-01-01,1,adoption_domestic
1879001,2025-01-01,1,adoption_domestic
1883685,2025-01-01,1,adoption_domestic
1884046,2025-01-01,1,adoption_domestic
1886894,2025-01-01,1,adoption_domestic
1892492,2025-01-01,1,adoption_domestic
1895618,2025-01-01,1,adoption_domestic
1897245,2025-01-01,1,adoption_domestic
1911545,2025-01-01,1,adoption_domestic
1920406,2025-01-01,1,adoption_domestic
1937987,2025-01-01,1,adoption_domestic
2000046,2025-01-01,1,adoption_domestic
2009684,2025-01-01,1,adoption_domestic
2013744,2025-01-01,1,adoption_domestic
2020455,2025-01-01,1,adoption_domestic
2028707,2025-01-01,1,adoption_domestic
924396,2021-01-01,1,marketplace_domestic
1021096,2021-01-01,1,marketplace_domestic
1357671,2021-01-01,1,marketplace_domestic
1422892,2021-01-01,1,marketplace_domestic
1454742,2021-01-01,1,marketplace_domestic
1491487,2021-01-01,1,marketplace_domestic
1499275,2021-01-01,1,marketplace_domestic
1515139,2021-01-01,1,marketplace_domestic
1600641,2021-01-01,1,marketplace_domestic
1679788,2021-01-01,1,marketplace_domestic
1706509,2021-01-01,1,marketplace_domestic
1708176,2021-01-01,1,marketplace_domestic
1717556,2021-01-01,1,marketplace_domestic
1803914,2021-01-01,1,marketplace_domestic
1824403,2021-01-01,1,marketplace_domestic
1841867,2021-01-01,1,marketplace_domestic
102109,2022-01-01,1,marketplace_domestic
924396,2022-01-01,1,marketplace_domestic
1065088,2022-01-01,1,marketplace_domestic
1091907,2022-01-01,1,marketplace_domestic
1318742,2022-01-01,1,marketplace_domestic
1326380,2022-01-01,1,marketplace_domestic
1357671,2022-01-01,1,marketplace_domestic
1368365,2022-01-01,1,marketplace_domestic
1386044,2022-01-01,1,marketplace_domestic
1454742,2022-01-01,1,marketplace_domestic
1510832,2022-01-01,1,marketplace_domestic
1513761,2022-01-01,1,marketplace_domestic
1600641,2022-01-01,1,marketplace_domestic
1679788,2022-01-01,1,marketplace_domestic
1704711,2022-01-01,1,marketplace_domestic
1717556,2022-01-01,1,marketplace_domestic
1722731,2022-01-01,1,marketplace_domestic
1754195,2022-01-01,1,marketplace_domestic
1760903,2022-01-01,1,marketplace_domestic
1772757,2022-01-01,1,marketplace_domestic
1820302,2022-01-01,1,marketplace_domestic
1823144,2022-01-01,1,marketplace_domestic
1835567,2022-01-01,1,marketplace_domestic
1841867,2022-01-01,1,marketplace_domestic
1843993,2022-01-01,1,marketplace_domestic
1892492,2022-01-01,1,marketplace_domestic
1338929,2023-01-01,1,marketplace_domestic
1353283,2023-01-01,1,marketplace_domestic
1389067,2023-01-01,1,marketplace_domestic
1409624,2023-01-01,1,marketplace_domestic
1499275,2023-01-01,1,marketplace_domestic
1831978,2023-01-01,1,marketplace_domestic
1119190,2024-01-01,1,marketplace_domestic
1338929,2024-01-01,1,marketplace_domestic
1477960,2024-01-01,1,marketplace_domestic
1829953,2024-01-01,1,marketplace_domestic
1857803,2024-01-01,1,marketplace_domestic
1869699,2024-01-01,1,marketplace_domestic
1883685,2024-01-01,1,marketplace_domestic
1889123,2024-01-01,1,marketplace_domestic
1992508,2024-01-01,1,marketplace_domestic
1106838,2025-01-01,1,marketplace_domestic
1530766,2025-01-01,1,marketplace_domestic
1889123,2025-01-01,1,marketplace_domestic
2016072,2025-01-01,1,marketplace_domestic
2039497,2025-01-01,1,marketplace_domestic
1583138,2014-01-01,1,risk_domestic
896493,2023-01-01,1,risk_domestic
1050446,2023-01-01,1,risk_domestic
1437491,2023-01-01,1,risk_domestic
1895618,2023-01-01,1,risk_domestic
1050446,2024-01-01,1,risk_domestic
1050446,2025-01-01,1,risk_domestic
1554859,2025-01-01,1,risk_domestic
1671941,2025-01-01,1,risk_domestic
1853825,2025-01-01,1,risk_domestic
